"Country or Area","Subgroup","Year","Source","Unit","Value","Value Footnotes","Value Footnotes"
"Angola","Total <5 yr","2007-2012","UN_Demographic and Health Surveys (DHS), Multiple Indicator Cluster Surveys (MICS), Malaria Indicator Surveys (MIS) and other national surveys","Percent","26","1","1"
"Azerbaijan","Total <5 yr","2007-2012","UN_Demographic and Health Surveys (DHS), Multiple Indicator Cluster Surveys (MICS), Malaria Indicator Surveys (MIS) and other national surveys","Percent","1","2","2"
"Benin","Total <5 yr","2007-2012","UN_Demographic and Health Surveys (DHS), Multiple Indicator Cluster Surveys (MICS), Malaria Indicator Surveys (MIS) and other national surveys","Percent","71","1","1"
"Burkina Faso","Total <5 yr","2007-2012","UN_Demographic and Health Surveys (DHS), Multiple Indicator Cluster Surveys (MICS), Malaria Indicator Surveys (MIS) and other national surveys","Percent","47","1","1"
"Burundi","Total <5 yr","2007-2012","UN_Demographic and Health Surveys (DHS), Multiple Indicator Cluster Surveys (MICS), Malaria Indicator Surveys (MIS) and other national surveys","Percent","45","1","1"
"Cambodia","Total <5 yr","2007-2012","UN_Demographic and Health Surveys (DHS), Multiple Indicator Cluster Surveys (MICS), Malaria Indicator Surveys (MIS) and other national surveys","Percent","4","2","2"
"Cameroon","Total <5 yr","2007-2012","UN_Demographic and Health Surveys (DHS), Multiple Indicator Cluster Surveys (MICS), Malaria Indicator Surveys (MIS) and other national surveys","Percent","21","1","1"
"Central African Republic","Total <5 yr","2007-2012","UN_Demographic and Health Surveys (DHS), Multiple Indicator Cluster Surveys (MICS), Malaria Indicator Surveys (MIS) and other national surveys","Percent","36","1","1"
"Chad","Total <5 yr","2007-2012","UN_Demographic and Health Surveys (DHS), Multiple Indicator Cluster Surveys (MICS), Malaria Indicator Surveys (MIS) and other national surveys","Percent","10","1","1"
"Comoros","Total <5 yr","2007-2012","UN_Demographic and Health Surveys (DHS), Multiple Indicator Cluster Surveys (MICS), Malaria Indicator Surveys (MIS) and other national surveys","Percent","9","2","2"
"Congo","Total <5 yr","2007-2012","UN_Demographic and Health Surveys (DHS), Multiple Indicator Cluster Surveys (MICS), Malaria Indicator Surveys (MIS) and other national surveys","Percent","26","1","1"
"Côte d'Ivoire","Total <5 yr","2007-2012","UN_Demographic and Health Surveys (DHS), Multiple Indicator Cluster Surveys (MICS), Malaria Indicator Surveys (MIS) and other national surveys","Percent","39","1","1"
"Democratic Republic of the Congo","Total <5 yr","2007-2012","UN_Demographic and Health Surveys (DHS), Multiple Indicator Cluster Surveys (MICS), Malaria Indicator Surveys (MIS) and other national surveys","Percent","38","1","1"
"Djibouti","Total <5 yr","2007-2012","UN_Demographic and Health Surveys (DHS), Multiple Indicator Cluster Surveys (MICS), Malaria Indicator Surveys (MIS) and other national surveys","Percent","20","1","1"
"East Asia and Pacific","Total <5 yr","2007-2012","UN_Demographic and Health Surveys (DHS), Multiple Indicator Cluster Surveys (MICS), Malaria Indicator Surveys (MIS) and other national surveys","Percent","6","3","3"
"Eastern and Southern Africa","Total <5 yr","2007-2012","UN_Demographic and Health Surveys (DHS), Multiple Indicator Cluster Surveys (MICS), Malaria Indicator Surveys (MIS) and other national surveys","Percent","41","4","4"
"Equatorial Guinea","Total <5 yr","2007-2012","UN_Demographic and Health Surveys (DHS), Multiple Indicator Cluster Surveys (MICS), Malaria Indicator Surveys (MIS) and other national surveys","Percent","1","2","2"
"Eritrea","Total <5 yr","2007-2012","UN_Demographic and Health Surveys (DHS), Multiple Indicator Cluster Surveys (MICS), Malaria Indicator Surveys (MIS) and other national surveys","Percent","49","1","1"
"Ethiopia","Total <5 yr","2007-2012","UN_Demographic and Health Surveys (DHS), Multiple Indicator Cluster Surveys (MICS), Malaria Indicator Surveys (MIS) and other national surveys","Percent","33","1","1"
"Gabon","Total <5 yr","2007-2012","UN_Demographic and Health Surveys (DHS), Multiple Indicator Cluster Surveys (MICS), Malaria Indicator Surveys (MIS) and other national surveys","Percent","55","1","1"
"Gambia","Total <5 yr","2007-2012","UN_Demographic and Health Surveys (DHS), Multiple Indicator Cluster Surveys (MICS), Malaria Indicator Surveys (MIS) and other national surveys","Percent","33","1","1"
"Ghana","Total <5 yr","2007-2012","UN_Demographic and Health Surveys (DHS), Multiple Indicator Cluster Surveys (MICS), Malaria Indicator Surveys (MIS) and other national surveys","Percent","39","1","1"
"Guinea","Total <5 yr","2007-2012","UN_Demographic and Health Surveys (DHS), Multiple Indicator Cluster Surveys (MICS), Malaria Indicator Surveys (MIS) and other national surveys","Percent","5","1","1"
"Guinea-Bissau","Total <5 yr","2007-2012","UN_Demographic and Health Surveys (DHS), Multiple Indicator Cluster Surveys (MICS), Malaria Indicator Surveys (MIS) and other national surveys","Percent","36","1","1"
"Guyana","Total <5 yr","2007-2012","UN_Demographic and Health Surveys (DHS), Multiple Indicator Cluster Surveys (MICS), Malaria Indicator Surveys (MIS) and other national surveys","Percent","24","1","1"
"Indonesia","Total <5 yr","2007-2012","UN_Demographic and Health Surveys (DHS), Multiple Indicator Cluster Surveys (MICS), Malaria Indicator Surveys (MIS) and other national surveys","Percent","3","1","1"
"Iraq","Total <5 yr","2007-2012","UN_Demographic and Health Surveys (DHS), Multiple Indicator Cluster Surveys (MICS), Malaria Indicator Surveys (MIS) and other national surveys","Percent","0","2","2"
"Kenya","Total <5 yr","2007-2012","UN_Demographic and Health Surveys (DHS), Multiple Indicator Cluster Surveys (MICS), Malaria Indicator Surveys (MIS) and other national surveys","Percent","47","1","1"
"Lao People's Democratic Republic","Total <5 yr","2007-2012","UN_Demographic and Health Surveys (DHS), Multiple Indicator Cluster Surveys (MICS), Malaria Indicator Surveys (MIS) and other national surveys","Percent","41","2","2"
"Least Developed Countries/Territories","Total <5 yr","2007-2012","UN_Demographic and Health Surveys (DHS), Multiple Indicator Cluster Surveys (MICS), Malaria Indicator Surveys (MIS) and other national surveys","Percent","41","4","4"
"Liberia","Total <5 yr","2007-2012","UN_Demographic and Health Surveys (DHS), Multiple Indicator Cluster Surveys (MICS), Malaria Indicator Surveys (MIS) and other national surveys","Percent","37","1","1"
"Madagascar","Total <5 yr","2007-2012","UN_Demographic and Health Surveys (DHS), Multiple Indicator Cluster Surveys (MICS), Malaria Indicator Surveys (MIS) and other national surveys","Percent","46","1","1"
"Malawi","Total <5 yr","2007-2012","UN_Demographic and Health Surveys (DHS), Multiple Indicator Cluster Surveys (MICS), Malaria Indicator Surveys (MIS) and other national surveys","Percent","39","1","1"
"Mali","Total <5 yr","2007-2012","UN_Demographic and Health Surveys (DHS), Multiple Indicator Cluster Surveys (MICS), Malaria Indicator Surveys (MIS) and other national surveys","Percent","70","1","1"
"Mozambique","Total <5 yr","2007-2012","UN_Demographic and Health Surveys (DHS), Multiple Indicator Cluster Surveys (MICS), Malaria Indicator Surveys (MIS) and other national surveys","Percent","18","1","1"
"Myanmar","Total <5 yr","2007-2012","UN_Demographic and Health Surveys (DHS), Multiple Indicator Cluster Surveys (MICS), Malaria Indicator Surveys (MIS) and other national surveys","Percent","11","1","1"
"Namibia","Total <5 yr","2007-2012","UN_Demographic and Health Surveys (DHS), Multiple Indicator Cluster Surveys (MICS), Malaria Indicator Surveys (MIS) and other national surveys","Percent","34","1","1"
"Niger","Total <5 yr","2007-2012","UN_Demographic and Health Surveys (DHS), Multiple Indicator Cluster Surveys (MICS), Malaria Indicator Surveys (MIS) and other national surveys","Percent","64","1","1"
"Nigeria","Total <5 yr","2007-2012","UN_Demographic and Health Surveys (DHS), Multiple Indicator Cluster Surveys (MICS), Malaria Indicator Surveys (MIS) and other national surveys","Percent","29","1","1"
"Rwanda","Total <5 yr","2007-2012","UN_Demographic and Health Surveys (DHS), Multiple Indicator Cluster Surveys (MICS), Malaria Indicator Surveys (MIS) and other national surveys","Percent","70","1","1"
"Sao Tome and Principe","Total <5 yr","2007-2012","UN_Demographic and Health Surveys (DHS), Multiple Indicator Cluster Surveys (MICS), Malaria Indicator Surveys (MIS) and other national surveys","Percent","56","1","1"
"Senegal","Total <5 yr","2007-2012","UN_Demographic and Health Surveys (DHS), Multiple Indicator Cluster Surveys (MICS), Malaria Indicator Surveys (MIS) and other national surveys","Percent","35","1","1"
"Sierra Leone","Total <5 yr","2007-2012","UN_Demographic and Health Surveys (DHS), Multiple Indicator Cluster Surveys (MICS), Malaria Indicator Surveys (MIS) and other national surveys","Percent","30","1","1"
"Solomon Islands","Total <5 yr","2007-2012","UN_Demographic and Health Surveys (DHS), Multiple Indicator Cluster Surveys (MICS), Malaria Indicator Surveys (MIS) and other national surveys","Percent","40","1","1"
"Somalia","Total <5 yr","2007-2012","UN_Demographic and Health Surveys (DHS), Multiple Indicator Cluster Surveys (MICS), Malaria Indicator Surveys (MIS) and other national surveys","Percent","11","2","2"
"South Sudan","Total <5 yr","2007-2012","UN_Demographic and Health Surveys (DHS), Multiple Indicator Cluster Surveys (MICS), Malaria Indicator Surveys (MIS) and other national surveys","Percent","25","5","5"
"Sri Lanka","Total <5 yr","2007-2012","UN_Demographic and Health Surveys (DHS), Multiple Indicator Cluster Surveys (MICS), Malaria Indicator Surveys (MIS) and other national surveys","Percent","3","1","1"
"Sub-Saharan Africa","Total <5 yr","2007-2012","UN_Demographic and Health Surveys (DHS), Multiple Indicator Cluster Surveys (MICS), Malaria Indicator Surveys (MIS) and other national surveys","Percent","38","4","4"
"Suriname","Total <5 yr","2007-2012","UN_Demographic and Health Surveys (DHS), Multiple Indicator Cluster Surveys (MICS), Malaria Indicator Surveys (MIS) and other national surveys","Percent","3","2","2"
"Swaziland","Total <5 yr","2007-2012","UN_Demographic and Health Surveys (DHS), Multiple Indicator Cluster Surveys (MICS), Malaria Indicator Surveys (MIS) and other national surveys","Percent","2","1","1"
"Tajikistan","Total <5 yr","2007-2012","UN_Demographic and Health Surveys (DHS), Multiple Indicator Cluster Surveys (MICS), Malaria Indicator Surveys (MIS) and other national surveys","Percent","1","2","2"
"Timor-Leste","Total <5 yr","2007-2012","UN_Demographic and Health Surveys (DHS), Multiple Indicator Cluster Surveys (MICS), Malaria Indicator Surveys (MIS) and other national surveys","Percent","42","1","1"
"Togo","Total <5 yr","2007-2012","UN_Demographic and Health Surveys (DHS), Multiple Indicator Cluster Surveys (MICS), Malaria Indicator Surveys (MIS) and other national surveys","Percent","57","1","1"
"Uganda","Total <5 yr","2007-2012","UN_Demographic and Health Surveys (DHS), Multiple Indicator Cluster Surveys (MICS), Malaria Indicator Surveys (MIS) and other national surveys","Percent","43","1","1"
"United Republic of Tanzania","Total <5 yr","2007-2012","UN_Demographic and Health Surveys (DHS), Multiple Indicator Cluster Surveys (MICS), Malaria Indicator Surveys (MIS) and other national surveys","Percent","64","1","1"
"Vanuatu","Total <5 yr","2007-2012","UN_Demographic and Health Surveys (DHS), Multiple Indicator Cluster Surveys (MICS), Malaria Indicator Surveys (MIS) and other national surveys","Percent","56","1","1"
"Viet Nam","Total <5 yr","2007-2012","UN_Demographic and Health Surveys (DHS), Multiple Indicator Cluster Surveys (MICS), Malaria Indicator Surveys (MIS) and other national surveys","Percent","9","1","1"
"Western and Central Africa","Total <5 yr","2007-2012","UN_Demographic and Health Surveys (DHS), Multiple Indicator Cluster Surveys (MICS), Malaria Indicator Surveys (MIS) and other national surveys","Percent","36","4","4"
"Zambia","Total <5 yr","2007-2012","UN_Demographic and Health Surveys (DHS), Multiple Indicator Cluster Surveys (MICS), Malaria Indicator Surveys (MIS) and other national surveys","Percent","50","1","1"
"Zimbabwe","Total <5 yr","2007-2012","UN_Demographic and Health Surveys (DHS), Multiple Indicator Cluster Surveys (MICS), Malaria Indicator Surveys (MIS) and other national surveys","Percent","10","1","1"

"fnSeqID","Footnote"
"1","Data refer to the most recent year available during the period specified in the column heading. "
"2","Data refer to the most recent year available during the period specified in the column heading. Data refer to years or periods other than those specified in the column heading. Such data are not included in the calculation of regional and global averages, with the exception of 2005-2006 data from India. Estimates from data years prior to 2000 are not displayed."
"3","Data refer to the most recent year available during the period specified in the column heading. For a complete list of countries and territories in the regions, subregions and country categories, see page XX. Excludes China."
"4","Data refer to the most recent year available during the period specified in the column heading. For a complete list of countries and territories in the regions, subregions and country categories, see page XX."
"5","Data refer to the most recent year available during the period specified in the column heading. Due to the cession in July 2011 of the Republic of South Sudan by the Republic of the Sudan, and its subsequent admission to the UN on 14 July 2011, disaggregated data for Sudan and South Sudan as separate States are not yet available for all indicators. In these cases, aggregated data are presented for Sudan pre-cession (see Memorandum item)."
